{"stats":{"minecraft:used":{"minecraft:diorite":2,"minecraft:diamond_block":8,"minecraft:dirt":36,"minecraft:cobblestone":1,"minecraft:crafting_table":1,"minecraft:wooden_pickaxe":21},"minecraft:crafted":{"minecraft:birch_planks":20,"minecraft:crafting_table":1,"minecraft:stick":4,"minecraft:wooden_pickaxe":1},"minecraft:picked_up":{"minecraft:birch_log":6,"minecraft:stick":1,"minecraft:diorite":2,"minecraft:coal":5,"minecraft:dirt":36,"minecraft:cobblestone":18},"minecraft:dropped":{"minecraft:bow":1,"minecraft:diamond":65},"minecraft:mined":{"minecraft:grass_block":2,"minecraft:coal_ore":5,"minecraft:dirt":5,"minecraft:birch_log":5,"minecraft:stone":16,"minecraft:birch_leaves":1},"minecraft:custom":{"minecraft:time_since_rest":1374,"minecraft:crouch_one_cm":44,"minecraft:deaths":3,"minecraft:sprint_one_cm":4269,"minecraft:play_time":19688,"minecraft:damage_taken":510,"minecraft:walk_one_cm":24759,"minecraft:sneak_time":420,"minecraft:drop":3,"minecraft:jump":177,"minecraft:damage_dealt":135,"minecraft:leave_game":1,"minecraft:time_since_death":1340,"minecraft:total_world_time":19688,"minecraft:fall_one_cm":5191,"minecraft:interact_with_crafting_table":1,"minecraft:fly_one_cm":26459}},"DataVersion":3465}