{"stats":{"minecraft:used":{"minecraft:dirt":20,"minecraft:crafting_table":1,"minecraft:wooden_pickaxe":21},"minecraft:crafted":{"minecraft:birch_planks":20,"minecraft:crafting_table":1,"minecraft:stick":4,"minecraft:wooden_pickaxe":1},"minecraft:picked_up":{"minecraft:birch_log":6,"minecraft:coal":5,"minecraft:dirt":20,"minecraft:cobblestone":16},"minecraft:mined":{"minecraft:grass_block":2,"minecraft:coal_ore":5,"minecraft:dirt":5,"minecraft:birch_log":5,"minecraft:stone":16},"minecraft:custom":{"minecraft:time_since_rest":7688,"minecraft:sprint_one_cm":332,"minecraft:play_time":7688,"minecraft:damage_taken":145,"minecraft:walk_one_cm":12662,"minecraft:jump":56,"minecraft:damage_dealt":10,"minecraft:leave_game":1,"minecraft:time_since_death":7688,"minecraft:total_world_time":7688,"minecraft:fall_one_cm":896,"minecraft:interact_with_crafting_table":1,"minecraft:fly_one_cm":180}},"DataVersion":3465}